<?xml version = "1.0" encoding = "utf-8"?> 

<zaposlenici>

    <zaposlenik>
        <ime>Geoffrey Benitez</ime>
        <struka>Photographer</struka>
        <broj>1234567890</broj>
        <email>GeoffreyBenitez@gmail.com</email>
    </zaposlenik>

    <zaposlenik>
        <ime>Isla-Rae Neal</ime>
        <struka>Photographer</struka>
        <broj>2345678901</broj>
        <email>IslaRaeNeal@gmail.com</email>
    </zaposlenik>

    <zaposlenik>
        <ime>Hawwa Mcgowan</ime>
        <struka>Photographer</struka>
        <broj>2345678901</broj>
        <email>HawwaMcgowan@gmail.com</email>
    </zaposlenik>

    <zaposlenik>
        <ime>Mysha Mccoy</ime>
        <struka>Photographer</struka>
        <broj>3456789012</broj>
        <email>MyshaMccoy@gmail.com</email>
    </zaposlenik>

    <zaposlenik>
        <ime>Duane Freeman</ime>
        <struka>Photographer</struka>
        <broj>4567890123</broj>
        <email>DuaneFreeman@gmail.com</email>
    </zaposlenik>

</zaposlenici>